frame_idx,frame_name,road_ratio
0,000000,0.30125657
1,000001,0.29554692
2,000002,0.28798774
3,000003,0.27541775
4,000004,0.28077906
5,000005,0.28951767
6,000006,0.29784182
7,000007,0.44540364
8,000008,0.48588026
9,000009,0.53504914
10,000010,0.5764759
11,000011,0.55267406
12,000012,0.5691438
13,000013,0.59039503
14,000014,0.58734626
15,000015,0.5811384
16,000016,0.5796856
17,000017,0.5669371
18,000018,0.4861889
19,000019,0.55794936
20,000020,0.50477934
21,000021,0.45301133
22,000022,0.4225982
23,000023,0.40675896
24,000024,0.4058441
25,000025,0.40278426
26,000026,0.3160553
27,000027,0.4039813
28,000028,0.41265157
29,000029,0.42884132
30,000030,0.42979366
31,000031,0.41308144
32,000032,0.40081787
33,000033,0.39418235
34,000034,0.38980204
35,000035,0.37105286
36,000036,0.37434196
37,000037,0.38181296
38,000038,0.3830519
39,000039,0.3939597
40,000040,0.3986244
41,000041,0.41664168
42,000042,0.42728496
43,000043,0.44981483
44,000044,0.4381751
45,000045,0.4347714
46,000046,0.43866894
47,000047,0.44516334
48,000048,0.4241083
49,000049,0.4095741
50,000050,0.37325954
51,000051,0.37419426
52,000052,0.35965344
53,000053,0.35464266
54,000054,0.38269258
55,000055,0.3870861
56,000056,0.43408358
57,000057,0.41740444
58,000058,0.46435782
59,000059,0.49535292
60,000060,0.5405405
61,000061,0.6065363
62,000062,0.5312486
63,000063,0.5106124
64,000064,0.49781093
65,000065,0.4879657
66,000066,0.47640094
67,000067,0.45858428
68,000068,0.42963493
69,000069,0.42811385
70,000070,0.4321723
71,000071,0.44377893
72,000072,0.47822627
73,000073,0.5034412
74,000074,0.5001896
75,000075,0.5136281
76,000076,0.4967109
77,000077,0.4988206
78,000078,0.48019707
79,000079,0.4649442
80,000080,0.4621732
81,000081,0.45062166
82,000082,0.46192408
83,000083,0.4542194
84,000084,0.45071867
85,000085,0.43561572
86,000086,0.43136546
87,000087,0.42860764
88,000088,0.4218531
89,000089,0.4040254
90,000090,0.38405934
91,000091,0.34811297
92,000092,0.31971034
93,000093,0.27664125
94,000094,0.24665359
95,000095,0.2298598
96,000096,0.25723514
97,000097,0.33262423
98,000098,0.40293857
99,000099,0.5099996
100,000100,0.5353578
101,000101,0.5831114
102,000102,0.5447379
103,000103,0.5094308
104,000104,0.51619196
105,000105,0.50086415
106,000106,0.5035823
107,000107,0.5121159
108,000108,0.5198999
109,000109,0.5334002
110,000110,0.5520546
111,000111,0.56678057
112,000112,0.5916097
113,000113,0.58264405
114,000114,0.56368107
115,000115,0.5512389
116,000116,0.53409904
117,000117,0.5032163
118,000118,0.4671928
119,000119,0.44303823
120,000120,0.4576165
121,000121,0.4505467
122,000122,0.48581412
123,000123,0.5118976
124,000124,0.5460429
125,000125,0.57127994
126,000126,0.56658435
127,000127,0.55917287
128,000128,0.53143823
129,000129,0.50233674
130,000130,0.4918478
131,000131,0.4508311
132,000132,0.4359927
133,000133,0.40630925
134,000134,0.35944182
135,000135,0.2939046
136,000136,0.23908778
137,000137,0.20285481
138,000138,0.2092302
139,000139,0.40977028
140,000140,0.39643976
141,000141,0.3900335
142,000142,0.4006834
143,000143,0.4557537
144,000144,0.49235925
145,000145,0.53922445
146,000146,0.53243464
147,000147,0.5651206
148,000148,0.5676403
149,000149,0.5718553
150,000150,0.5517305
151,000151,0.5456439
152,000152,0.50071424
153,000153,0.5016622
154,000154,0.48513734
155,000155,0.45799568
156,000156,0.4299546
157,000157,0.41818923
158,000158,0.41977647
159,000159,0.41667914
160,000160,0.39652133
161,000161,0.38199815
162,000162,0.36922976
163,000163,0.34409198
164,000164,0.3255809
165,000165,0.31096953
166,000166,0.292831
167,000167,0.28701997
168,000168,0.26987126
169,000169,0.27915657
170,000170,0.29653895
171,000171,0.29403025
172,000172,0.31697455
173,000173,0.3491138
174,000174,0.3864468
175,000175,0.38955292
176,000176,0.37648252
177,000177,0.36397645
178,000178,0.3586085
179,000179,0.35321856
180,000180,0.33499625
181,000181,0.3211124
182,000182,0.33142278
183,000183,0.33996516
184,000184,0.35222432
185,000185,0.36892113
186,000186,0.382805
187,000187,0.3792712
188,000188,0.39301398
189,000189,0.39629206
190,000190,0.40593228
191,000191,0.41944358
192,000192,0.42620695
193,000193,0.43205547
194,000194,0.44767207
195,000195,0.45350954
196,000196,0.45093912
197,000197,0.45208102
198,000198,0.45081124
199,000199,0.44536176
200,000200,0.4319761
201,000201,0.42608792
202,000202,0.41602883
203,000203,0.40632468
204,000204,0.39372823
205,000205,0.39025837
206,000206,0.379172
207,000207,0.38713902
208,000208,0.39158326
209,000209,0.38434812
210,000210,0.4002976
211,000211,0.37370706
212,000212,0.35091707
213,000213,0.3383118
214,000214,0.32943875
215,000215,0.34602752
216,000216,0.34321237
217,000217,0.33504474
218,000218,0.34353644
219,000219,0.33955956
220,000220,0.3389423
221,000221,0.33705965
222,000222,0.32403994
223,000223,0.32635906
224,000224,0.32884133
225,000225,0.3283409
226,000226,0.30203032
227,000227,0.3258961
228,000228,0.30866584
229,000229,0.30412018
230,000230,0.33466557
231,000231,0.32522154
232,000232,0.33401746
233,000233,0.33869097
234,000234,0.34094837
235,000235,0.3467616
236,000236,0.35208103
237,000237,0.3530863
238,000238,0.35799128
239,000239,0.3652705
240,000240,0.36236057
241,000241,0.35365063
242,000242,0.35821393
243,000243,0.34766987
244,000244,0.34274283
245,000245,0.33748513
246,000246,0.31122306
247,000247,0.32922933
248,000248,0.31455183
249,000249,0.3145452
250,000250,0.3292315
251,000251,0.3206362
252,000252,0.32503858
253,000253,0.34740973
254,000254,0.35273135
255,000255,0.37441692
256,000256,0.34839293
257,000257,0.36210483
258,000258,0.3705326
259,000259,0.35671267
260,000260,0.3622768
261,000261,0.34698206
262,000262,0.3327102
263,000263,0.3534015
264,000264,0.34970018
265,000265,0.34312862
266,000266,0.32904193
267,000267,0.3498523
268,000268,0.32765752
269,000269,0.3238636
270,000270,0.31414178
271,000271,0.32001454
272,000272,0.30745557
273,000273,0.3149795
274,000274,0.30030203
275,000275,0.2853534
276,000276,0.2779904
277,000277,0.2811825
278,000278,0.28098628
279,000279,0.287829
280,000280,0.2985362
281,000281,0.3167365
282,000282,0.32125568
283,000283,0.30758566
284,000284,0.3025528
285,000285,0.31402275
286,000286,0.31864336
287,000287,0.32025042
288,000288,0.32461753
289,000289,0.32248798
290,000290,0.3144504
291,000291,0.3212182
292,000292,0.33066222
293,000293,0.33070412
294,000294,0.3252833
295,000295,0.34772718
296,000296,0.35993344
297,000297,0.35764736
298,000298,0.34451964
299,000299,0.34520745
300,000300,0.34492305
301,000301,0.3503549
302,000302,0.35296062
303,000303,0.3541224
304,000304,0.3578678
305,000305,0.3658591
306,000306,0.3725431
307,000307,0.34473127
308,000308,0.35568097
309,000309,0.38267273
310,000310,0.40799347
311,000311,0.4018209
312,000312,0.39851198
313,000313,0.39109167
314,000314,0.3938076
315,000315,0.39376792
316,000316,0.39123276
317,000317,0.38065562
318,000318,0.39861116
319,000319,0.4104625
320,000320,0.40831533
321,000321,0.36732066
322,000322,0.34118426
323,000323,0.29945108
324,000324,0.2915017
325,000325,0.2960628
326,000326,0.30453244
327,000327,0.3209713
328,000328,0.31761387
329,000329,0.31120542
330,000330,0.29551828
331,000331,0.28514835
332,000332,0.2981791
333,000333,0.31708258
334,000334,0.31309026
335,000335,0.29988095
336,000336,0.29308674
337,000337,0.28218552
338,000338,0.26829284
339,000339,0.26669458
340,000340,0.2705789
341,000341,0.2745139
342,000342,0.26946563
343,000343,0.2575614
344,000344,0.25320533
345,000345,0.25901636
346,000346,0.27213085
347,000347,0.2883118
348,000348,0.29267448
349,000349,0.2883581
350,000350,0.29095498
351,000351,0.28901502
352,000352,0.28446716
353,000353,0.29059565
354,000354,0.28755787
355,000355,0.27649134
356,000356,0.26022223
357,000357,0.24542348
358,000358,0.25081566
359,000359,0.26205635
360,000360,0.2692562
361,000361,0.27258277
362,000362,0.2784511
363,000363,0.28584498
364,000364,0.30092588
365,000365,0.32434195
366,000366,0.32462412
367,000367,0.31417707
368,000368,0.3160178
369,000369,0.31142145
370,000370,0.3003924
371,000371,0.30007276
372,000372,0.29747808
373,000373,0.28642035
374,000374,0.27719015
375,000375,0.2703276
376,000376,0.26868966
377,000377,0.26334158
378,000378,0.26345178
379,000379,0.26883295
380,000380,0.27971208
381,000381,0.2999978
382,000382,0.32715267
383,000383,0.35273796
384,000384,0.35376087
385,000385,0.33985496
386,000386,0.31314537
387,000387,0.29458356
388,000388,0.29021648
389,000389,0.27921608
390,000390,0.27805874
391,000391,0.28176668
392,000392,0.29132974
393,000393,0.29023412
394,000394,0.2907654
395,000395,0.29026937
396,000396,0.28839558
397,000397,0.2908602
398,000398,0.29569462
399,000399,0.2968101
400,000400,0.2840461
401,000401,0.26506546
402,000402,0.24969798
403,000403,0.23956175
404,000404,0.24997796
405,000405,0.2520127
406,000406,0.26190203
407,000407,0.28405273
408,000408,0.30282837
409,000409,0.27825713
410,000410,0.266214
411,000411,0.27792865
412,000412,0.2895463
413,000413,0.2879238
414,000414,0.2876813
415,000415,0.2984833
416,000416,0.31123847
417,000417,0.31710023
418,000418,0.31248403
419,000419,0.3225916
420,000420,0.32891628
421,000421,0.32203165
422,000422,0.31150082
423,000423,0.3008443
424,000424,0.30134913
425,000425,0.29778668
426,000426,0.27808958
427,000427,0.2621335
428,000428,0.25551784
429,000429,0.25606674
430,000430,0.28198934
431,000431,0.29059786
432,000432,0.3248093
433,000433,0.31052643
434,000434,0.3089833
435,000435,0.26968166
436,000436,0.2801045
437,000437,0.30716458
438,000438,0.32447422
439,000439,0.3261342
440,000440,0.3280477
441,000441,0.34162295
442,000442,0.3378158
443,000443,0.32122922
444,000444,0.31560338
445,000445,0.30534148
446,000446,0.30647898
447,000447,0.29993826
448,000448,0.29406992
449,000449,0.28929943
450,000450,0.27767074
451,000451,0.2686147
452,000452,0.28213704
453,000453,0.29593933
454,000454,0.30589038
455,000455,0.30988273
456,000456,0.30893257
457,000457,0.30969313
458,000458,0.3017261
459,000459,0.29157665
460,000460,0.28611612
461,000461,0.27281865
462,000462,0.2703805
463,000463,0.28725144
464,000464,0.31868082
465,000465,0.3453926
466,000466,0.37468585
467,000467,0.37849963
468,000468,0.34226665
469,000469,0.29795203
470,000470,0.2936246
471,000471,0.29402143
472,000472,0.3024646
473,000473,0.30742913
474,000474,0.3038689
475,000475,0.30514526
476,000476,0.3102751
477,000477,0.31794453
478,000478,0.3112958
479,000479,0.3022045
480,000480,0.30843878
481,000481,0.3125325
482,000482,0.30036595
483,000483,0.2863454
484,000484,0.2888607
485,000485,0.28981087
486,000486,0.29217848
487,000487,0.30100745
488,000488,0.29749128
489,000489,0.29687184
490,000490,0.2971099
491,000491,0.28318858
492,000492,0.26564306
493,000493,0.25011903
494,000494,0.2408624
495,000495,0.23756447
496,000496,0.24160972
497,000497,0.24850315
498,000498,0.25886646
499,000499,0.2532825
500,000500,0.25055555
501,000501,0.2422909
502,000502,0.23701997
503,000503,0.23629029
504,000504,0.23794144
505,000505,0.26637936
506,000506,0.29952383
507,000507,0.30532384
508,000508,0.3085997
509,000509,0.31201446
510,000510,0.30596092
511,000511,0.30585733
512,000512,0.2997531
513,000513,0.30066797
514,000514,0.30295402
515,000515,0.3064834
516,000516,0.2993629
517,000517,0.29251796
518,000518,0.28832063
519,000519,0.282417
520,000520,0.2806071
521,000521,0.28824127
522,000522,0.26513162
523,000523,0.24112253
524,000524,0.24226224
525,000525,0.22872889
526,000526,0.24542348
527,000527,0.25705877
528,000528,0.25134915
529,000529,0.2827609
530,000530,0.2966668
531,000531,0.29972002
532,000532,0.2900754
533,000533,0.2745117
534,000534,0.25675675
535,000535,0.3218531
536,000536,0.3467197
537,000537,0.33632556
538,000538,0.33189675
539,000539,0.28288436
540,000540,0.27855694
541,000541,0.28734404
542,000542,0.28976676
543,000543,0.29673734
544,000544,0.31295136
545,000545,0.30538556
546,000546,0.28936556
547,000547,0.2915899
548,000548,0.29097483
549,000549,0.27152684
550,000550,0.27014682
551,000551,0.250884
552,000552,0.24610026
553,000553,0.26196817
554,000554,0.24476655
555,000555,0.26041842
556,000556,0.31349146
557,000557,0.31390372
558,000558,0.3554098
559,000559,0.36440852
560,000560,0.43018827
561,000561,0.42797056
562,000562,0.38911864
563,000563,0.37260923
564,000564,0.35505047
565,000565,0.354614
566,000566,0.33511528
567,000567,0.31632203
568,000568,0.3125722
569,000569,0.3201358
570,000570,0.32169878
571,000571,0.33130154
572,000572,0.33220538
573,000573,0.36604866
574,000574,0.38822362
575,000575,0.407266
576,000576,0.4161699
577,000577,0.41643226
578,000578,0.38692078
579,000579,0.4123231
580,000580,0.46485165
581,000581,0.49358934
582,000582,0.47224548
583,000583,0.32038268
584,000584,0.29403466
585,000585,0.30328688
586,000586,0.3164962
587,000587,0.33097306
588,000588,0.32167894
589,000589,0.32654426
590,000590,0.36924517
591,000591,0.38897976
592,000592,0.42501873
593,000593,0.43008024
594,000594,0.34878534
595,000595,0.2528482
596,000596,0.26364577
597,000597,0.2912989
598,000598,0.29972664
599,000599,0.28554296
600,000600,0.30095896
601,000601,0.3061902
602,000602,0.32722762
603,000603,0.29806447
604,000604,0.27851945
605,000605,0.26367223
606,000606,0.2621313
607,000607,0.24095719
608,000608,0.22301707
609,000609,0.21557471
610,000610,0.23109211
611,000611,0.2909109
612,000612,0.311395
613,000613,0.32041797
614,000614,0.3140448
615,000615,0.29909837
616,000616,0.26446584
617,000617,0.25907367
618,000618,0.2648428
619,000619,0.27835193
620,000620,0.2659186
621,000621,0.2693113
622,000622,0.2715577
623,000623,0.25380495
624,000624,0.25131166
625,000625,0.24994048
626,000626,0.25607556
627,000627,0.25043428
628,000628,0.21960671
629,000629,0.19450422
630,000630,0.18938759
631,000631,0.20316786
632,000632,0.18735726
633,000633,0.23232882
634,000634,0.23499405
635,000635,0.2444072
636,000636,0.22816674
637,000637,0.3230303
638,000638,0.36416605
639,000639,0.36609718
640,000640,0.393316
641,000641,0.37782946
642,000642,0.3374741
643,000643,0.30639744
644,000644,0.284961
645,000645,0.27570653
646,000646,0.26668137
647,000647,0.26233852
648,000648,0.26735815
649,000649,0.28284907
650,000650,0.30607778
651,000651,0.30513427
652,000652,0.29452404
653,000653,0.29560205
654,000654,0.32587188
655,000655,0.35582426
656,000656,0.34161413
657,000657,0.35885102
658,000658,0.35428774
659,000659,0.35361317
660,000660,0.354506
661,000661,0.34790573
662,000662,0.3486222
663,000663,0.34434327
664,000664,0.34905428
665,000665,0.34751555
666,000666,0.3544707
667,000667,0.36129138
668,000668,0.35939112
669,000669,0.36044708
670,000670,0.34315285
671,000671,0.3206318
672,000672,0.30301133
673,000673,0.28871742
674,000674,0.27673164
675,000675,0.25674573
676,000676,0.24798289
677,000677,0.25204358
678,000678,0.2439553
679,000679,0.24369076
680,000680,0.23911203
681,000681,0.24045457
682,000682,0.23988801
683,000683,0.23903267
684,000684,0.23578104
685,000685,0.22748336
686,000686,0.21908866
687,000687,0.20755038
688,000688,0.20812574
689,000689,0.22047308
690,000690,0.22984436
691,000691,0.23853004
692,000692,0.25039682
693,000693,0.25037697
694,000694,0.23959482
695,000695,0.23243684
696,000696,0.21455623
697,000697,0.21207398
698,000698,0.20312376
699,000699,0.20500419
700,000700,0.21122305
701,000701,0.21723469
702,000702,0.23226269
703,000703,0.24158105
704,000704,0.25447953
705,000705,0.264931
706,000706,0.2804462
707,000707,0.28237513
708,000708,0.2677197
709,000709,0.25351837
710,000710,0.2329571
711,000711,0.22820643
712,000712,0.22680438
713,000713,0.23072615
714,000714,0.231533
715,000715,0.23265289
716,000716,0.23445174
717,000717,0.24061109
718,000718,0.25396368
719,000719,0.25867906
720,000720,0.27099997
721,000721,0.28215468
722,000722,0.2929743
723,000723,0.2898373
724,000724,0.30529517
725,000725,0.29939377
726,000726,0.31008774
727,000727,0.3116948
728,000728,0.31496626
729,000729,0.32636127
730,000730,0.34291038
731,000731,0.35193774
732,000732,0.3527027
733,000733,0.33697367
734,000734,0.31506768
735,000735,0.30371237
736,000736,0.3017173
737,000737,0.3124223
738,000738,0.3102553
739,000739,0.30886424
740,000740,0.3015784
741,000741,0.30973724
742,000742,0.31059477
743,000743,0.30572066
744,000744,0.29255325
745,000745,0.28402847
746,000746,0.27577266
747,000747,0.2681848
748,000748,0.2567788
749,000749,0.24658746
750,000750,0.23634098
751,000751,0.21052203
752,000752,0.2358031
753,000753,0.25761652
754,000754,0.22937702
755,000755,0.20729905
756,000756,0.2098276
757,000757,0.29474008
758,000758,0.2823685
759,000759,0.29879856
760,000760,0.29227766
761,000761,0.34683657
762,000762,0.39237025
763,000763,0.36681584
764,000764,0.37597108
765,000765,0.3683193
766,000766,0.5557824
767,000767,0.5765795
768,000768,0.5617345
769,000769,0.51058817
770,000770,0.48705304
771,000771,0.47566023
772,000772,0.4342379
773,000773,0.383204
774,000774,0.28601915
775,000775,0.2653763
776,000776,0.25749746
777,000777,0.2522706
778,000778,0.26464
779,000779,0.26780346
780,000780,0.29937613
781,000781,0.3405207
782,000782,0.35715577
783,000783,0.37262687
784,000784,0.39367974
785,000785,0.4031965
786,000786,0.39546978
787,000787,0.38744986
788,000788,0.3756801
789,000789,0.3781425
790,000790,0.36481196
791,000791,0.33962348
792,000792,0.32728055
793,000793,0.35562807
794,000794,0.33602574
795,000795,0.3206274
796,000796,0.29094395
797,000797,0.24286407
798,000798,0.23154181
799,000799,0.24977955
800,000800,0.25640845
801,000801,0.2719148
802,000802,0.26125392
803,000803,0.24193378
804,000804,0.25331333
805,000805,0.26622945
806,000806,0.2615934
807,000807,0.25601384
808,000808,0.31074908
809,000809,0.30449715
810,000810,0.2725034
811,000811,0.32593802
812,000812,0.35862616
813,000813,0.36735374
814,000814,0.3707178
815,000815,0.38193202
816,000816,0.36761826
817,000817,0.36476567
818,000818,0.35862175
819,000819,0.36531678
820,000820,0.3574049
821,000821,0.3611525
822,000822,0.35673913
823,000823,0.3433733
824,000824,0.34647724
825,000825,0.35663992
826,000826,0.34422645
827,000827,0.32546625
828,000828,0.3167585
829,000829,0.3247564
830,000830,0.32461092
831,000831,0.33984172
832,000832,0.3508333
833,000833,0.34777346
834,000834,0.36755875
835,000835,0.35053128
836,000836,0.3254883
837,000837,0.3272122
838,000838,0.30896345
839,000839,0.31284997
840,000840,0.34320357
841,000841,0.33967197
842,000842,0.34722674
843,000843,0.33991447
844,000844,0.3316278
845,000845,0.3479388
846,000846,0.34811738
847,000847,0.36285216
848,000848,0.3595344
849,000849,0.3721551
850,000850,0.37875754
851,000851,0.36863455
852,000852,0.3516115
853,000853,0.33627707
854,000854,0.3235704
855,000855,0.32275915
856,000856,0.33011773
857,000857,0.34587762
858,000858,0.3587386
859,000859,0.36471495
860,000860,0.37213528
861,000861,0.37398484
862,000862,0.37722763
863,000863,0.36795998
864,000864,0.35056657
865,000865,0.3411071
866,000866,0.34528682
867,000867,0.33691415
868,000868,0.3227878
869,000869,0.33051893
870,000870,0.33405495
871,000871,0.34993166
872,000872,0.3705899
873,000873,0.3635598
874,000874,0.36081523
875,000875,0.35827786
876,000876,0.35208544
877,000877,0.34603193
878,000878,0.33608747
879,000879,0.34441382
880,000880,0.3136502
881,000881,0.29357612
882,000882,0.28258896
883,000883,0.27845332
884,000884,0.28216788
885,000885,0.27756932
886,000886,0.29707465
887,000887,0.3125656
888,000888,0.31484282
889,000889,0.31186897
890,000890,0.30503285
891,000891,0.29501787
892,000892,0.27415016
893,000893,0.24976853
894,000894,0.24515894
895,000895,0.27801242
896,000896,0.30769366
897,000897,0.29310656
898,000898,0.2758807
899,000899,0.2519245
900,000900,0.21408448
901,000901,0.2370839
902,000902,0.27012917
903,000903,0.29544774
904,000904,0.31883734
905,000905,0.33220977
906,000906,0.33332086
907,000907,0.34127685
908,000908,0.36700544
909,000909,0.35846964
910,000910,0.34933865
911,000911,0.3576165
912,000912,0.35824698
913,000913,0.36487588
914,000914,0.3737842
915,000915,0.3924298
916,000916,0.41588554
917,000917,0.43604118
918,000918,0.44742075
919,000919,0.44854063
920,000920,0.44952384
921,000921,0.44489
922,000922,0.43459725
923,000923,0.41914597
924,000924,0.39579162
925,000925,0.37430888
926,000926,0.35709405
927,000927,0.34991843
928,000928,0.34448656
929,000929,0.3387439
930,000930,0.3356003
931,000931,0.33262202
932,000932,0.31892112
933,000933,0.2998104
934,000934,0.2744081
935,000935,0.24318813
936,000936,0.22103523
937,000937,0.20456108
938,000938,0.21450554
939,000939,0.26111943
940,000940,0.3153322
941,000941,0.38875932
942,000942,0.48306292
943,000943,0.5206671
944,000944,0.5265156
945,000945,0.5577466
946,000946,0.4596777
947,000947,0.5614435
948,000948,0.5394273
949,000949,0.4726996
950,000950,0.45492262
951,000951,0.4299568
952,000952,0.41802388
953,000953,0.40277326
954,000954,0.3987787
955,000955,0.3975067
956,000956,0.37967902
957,000957,0.36913496
958,000958,0.34374806
959,000959,0.32329923
960,000960,0.3341409
961,000961,0.31159782
962,000962,0.35905382
963,000963,0.3605992
964,000964,0.37123805
965,000965,0.3762334
966,000966,0.39168248
967,000967,0.37955338
968,000968,0.35678542
969,000969,0.34888893
970,000970,0.40837264
971,000971,0.41682905
972,000972,0.42058992
973,000973,0.42218816
974,000974,0.42659935
975,000975,0.43291962
976,000976,0.42911246
977,000977,0.4124245
978,000978,0.41361713
979,000979,0.41044265
980,000980,0.4273202
981,000981,0.45640624
982,000982,0.42590272
983,000983,0.43990785
984,000984,0.41391033
985,000985,0.41273093
986,000986,0.43417397
987,000987,0.42949384
988,000988,0.44634935
989,000989,0.45547816
990,000990,0.4433821
991,000991,0.4540827
992,000992,0.4549182
993,000993,0.46673205
994,000994,0.472003
995,000995,0.46673426
996,000996,0.48087165
997,000997,0.48240158
998,000998,0.47854373
999,000999,0.47378644
1000,001000,0.45983642
1001,001001,0.45788765
1002,001002,0.45765397
1003,001003,0.45268506
1004,001004,0.4437679
1005,001005,0.40884662
1006,001006,0.41236717
1007,001007,0.39740312
1008,001008,0.3980358
1009,001009,0.41121864
1010,001010,0.4248446
1011,001011,0.43292844
1012,001012,0.43159252
1013,001013,0.4443587
1014,001014,0.41721705
1015,001015,0.41105992
1016,001016,0.3903796
1017,001017,0.37773687
1018,001018,0.37501433
1019,001019,0.4380208
1020,001020,0.45645475
1021,001021,0.4527975
1022,001022,0.48291522
1023,001023,0.37054363
1024,001024,0.38110533
1025,001025,0.42610335
1026,001026,0.42068693
1027,001027,0.40746218
1028,001028,0.3928354
1029,001029,0.37936598
1030,001030,0.37571535
1031,001031,0.38984612
1032,001032,0.36880207
1033,001033,0.38048366
1034,001034,0.372305
1035,001035,0.44696882
1036,001036,0.4268705
1037,001037,0.42060757
1038,001038,0.42402893
1039,001039,0.42472774
1040,001040,0.44162735
1041,001041,0.4404656
1042,001042,0.45566994
1043,001043,0.45679423
1044,001044,0.4555972
1045,001045,0.439295
1046,001046,0.41790265
1047,001047,0.44649267
1048,001048,0.46070057
1049,001049,0.44188967
1050,001050,0.47058553
1051,001051,0.46411976
1052,001052,0.47312948
1053,001053,0.46360168
1054,001054,0.47670737
1055,001055,0.45910454
1056,001056,0.4725431
1057,001057,0.46659318
1058,001058,0.46481636
1059,001059,0.46082184
1060,001060,0.43096864
1061,001061,0.45460737
1062,001062,0.48125964
1063,001063,0.50984085
1064,001064,0.5419382
1065,001065,0.5726247
1066,001066,0.5748027
1067,001067,0.5752811
1068,001068,0.5789008
1069,001069,0.5771328
1070,001070,0.4885036
1071,001071,0.48603237
1072,001072,0.45872316
1073,001073,0.45365724
1074,001074,0.45783255
1075,001075,0.44231296
1076,001076,0.42474538
1077,001077,0.43263966
1078,001078,0.42461532
1079,001079,0.4387527
1080,001080,0.4138552
1081,001081,0.421119
1082,001082,0.43355453
1083,001083,0.46020016
1084,001084,0.45006394
1085,001085,0.46791148
1086,001086,0.4577069
1087,001087,0.4669415
1088,001088,0.5089855
1089,001089,0.5006018
1090,001090,0.4947996
1091,001091,0.48034477
1092,001092,0.45673472
1093,001093,0.43297693
1094,001094,0.4327058
1095,001095,0.42473435
1096,001096,0.42237777
1097,001097,0.4182774
1098,001098,0.42217055
1099,001099,0.45523345
1100,001100,0.46762487
1101,001101,0.464629
1102,001102,0.44726422
1103,001103,0.4614523
1104,001104,0.46255898
1105,001105,0.46860147
1106,001106,0.47898683
1107,001107,0.49001366
1108,001108,0.46181825
1109,001109,0.45080686
1110,001110,0.43412328
1111,001111,0.4322274
1112,001112,0.41857943
1113,001113,0.4178674
1114,001114,0.39139807
1115,001115,0.41335037
1116,001116,0.4183149
1117,001117,0.41760284
1118,001118,0.40184516
1119,001119,0.3868833
1120,001120,0.37558088
1121,001121,0.36869186
1122,001122,0.3732309
1123,001123,0.37554342
1124,001124,0.38102818
1125,001125,0.38631895
1126,001126,0.39057142
1127,001127,0.3941625
1128,001128,0.39884925
1129,001129,0.4054473
1130,001130,0.41406244
1131,001131,0.4238283
1132,001132,0.42979586
1133,001133,0.4417508
1134,001134,0.4500066
1135,001135,0.44996473
1136,001136,0.45141527
1137,001137,0.44591948
1138,001138,0.4422887
1139,001139,0.47658834
1140,001140,0.47541997
1141,001141,0.48121998
1142,001142,0.49131653
1143,001143,0.49824744
1144,001144,0.49609587
1145,001145,0.51039416
1146,001146,0.5041819
1147,001147,0.49698207
1148,001148,0.4929677
1149,001149,0.48073056
1150,001150,0.46781668
1151,001151,0.45116398
1152,001152,0.4311406
1153,001153,0.42851505
1154,001154,0.44237468
1155,001155,0.45625854
1156,001156,0.47221905
1157,001157,0.46953177
1158,001158,0.4532384
1159,001159,0.47383493
1160,001160,0.47197214
1161,001161,0.48765266
1162,001162,0.49040386
1163,001163,0.47462192
1164,001164,0.46218422
1165,001165,0.43903488
1166,001166,0.41111723
1167,001167,0.37973192
1168,001168,0.37093163
1169,001169,0.37346458
1170,001170,0.37421632
1171,001171,0.3956726
1172,001172,0.38537982
1173,001173,0.35875842
1174,001174,0.3809488
1175,001175,0.3997597
1176,001176,0.4252943
1177,001177,0.4568361
1178,001178,0.4377144
1179,001179,0.43200034
1180,001180,0.43887395
1181,001181,0.4434218
1182,001182,0.47982672
1183,001183,0.4524999
1184,001184,0.4727944
1185,001185,0.47987303
1186,001186,0.497154
1187,001187,0.4443962
1188,001188,0.41123408
1189,001189,0.3959702
1190,001190,0.49880517
1191,001191,0.48682377
1192,001192,0.49216744
1193,001193,0.47571537
1194,001194,0.45782593
1195,001195,0.45969754
1196,001196,0.42390987
1197,001197,0.41043165
1198,001198,0.41548213
1199,001199,0.4113862
1200,001200,0.39075658
1201,001201,0.40175477
1202,001202,0.42114544
1203,001203,0.41429833
1204,001204,0.40642166
1205,001205,0.41037872
1206,001206,0.3917464
1207,001207,0.38385874
1208,001208,0.36678717
1209,001209,0.35057756
1210,001210,0.3080949
1211,001211,0.4498611
1212,001212,0.4614457
1213,001213,0.4525021
1214,001214,0.45189366
1215,001215,0.4297694
1216,001216,0.38241038
1217,001217,0.41047132
1218,001218,0.43323708
1219,001219,0.45398572
1220,001220,0.477695
1221,001221,0.547736
1222,001222,0.5487655
1223,001223,0.5674573
1224,001224,0.6530841
1225,001225,0.6433292
1226,001226,0.6514836
1227,001227,0.6110555
1228,001228,0.5172413
1229,001229,0.4180327
1230,001230,0.42417002
1231,001231,0.41695693
1232,001232,0.40709403
1233,001233,0.40724394
1234,001234,0.43181297
1235,001235,0.49172434
1236,001236,0.4999647
1237,001237,0.482999
1238,001238,0.45496893
1239,001239,0.3834994
1240,001240,0.4872845
1241,001241,0.43581852
1242,001242,0.39747587
1243,001243,0.4090825
1244,001244,0.39026278
1245,001245,0.35993785
1246,001246,0.36997047
1247,001247,0.41997266
1248,001248,0.43008465
1249,001249,0.43970725
1250,001250,0.45426348
1251,001251,0.45974603
1252,001252,0.46980512
1253,001253,0.49244523
1254,001254,0.4968564
1255,001255,0.5063511
1256,001256,0.5034787
1257,001257,0.4913937
1258,001258,0.4477338
1259,001259,0.437419
1260,001260,0.42566687
1261,001261,0.4279948
1262,001262,0.45539218
1263,001263,0.46496186
1264,001264,0.46264935
1265,001265,0.45328027
1266,001266,0.426132
1267,001267,0.4267603
1268,001268,0.4534919
1269,001269,0.46909308
1270,001270,0.48513293
1271,001271,0.49178168
1272,001272,0.48239276
1273,001273,0.46741986
1274,001274,0.47865173
1275,001275,0.49273843
1276,001276,0.5035713
1277,001277,0.47644946
1278,001278,0.4308408
1279,001279,0.42116088
1280,001280,0.39501125
1281,001281,0.44039506
1282,001282,0.47274372
1283,001283,0.4808937
1284,001284,0.4782527
1285,001285,0.4842864
1286,001286,0.5005864
1287,001287,0.53375953
1288,001288,0.52564925
1289,001289,0.5161611
1290,001290,0.52679557
1291,001291,0.5515211
1292,001292,0.5798333
1293,001293,0.58154404
1294,001294,0.5597835
1295,001295,0.522122
1296,001296,0.49944445
1297,001297,0.49559984
1298,001298,0.4981394
1299,001299,0.50389534
1300,001300,0.50574267
1301,001301,0.47924694
1302,001302,0.49205503
1303,001303,0.5328645
1304,001304,0.53292626
1305,001305,0.5223756
1306,001306,0.5200829
1307,001307,0.5241436
1308,001308,0.4607579
1309,001309,0.5094198
1310,001310,0.53908557
1311,001311,0.54330057
1312,001312,0.5688263
1313,001313,0.5442441
1314,001314,0.55886424
1315,001315,0.5669437
1316,001316,0.55898106
1317,001317,0.5376306
1318,001318,0.53048146
1319,001319,0.54417574
1320,001320,0.55684274
1321,001321,0.5361999
1322,001322,0.5338543
1323,001323,0.53607863
1324,001324,0.5418412
1325,001325,0.5664212
1326,001326,0.58470964
1327,001327,0.5513183
1328,001328,0.5293285
1329,001329,0.55455005
1330,001330,0.5622129
1331,001331,0.5595521
1332,001332,0.53147566
1333,001333,0.5198294
1334,001334,0.5022508
1335,001335,0.48356995
1336,001336,0.48215908
1337,001337,0.5016291
1338,001338,0.5025947
1339,001339,0.5318681
1340,001340,0.57098895
1341,001341,0.5672435
1342,001342,0.5972488
1343,001343,0.63951325
1344,001344,0.6754971
1345,001345,0.6987567
1346,001346,0.7164697
1347,001347,0.69722456
1348,001348,0.5886822
1349,001349,0.5515762
1350,001350,0.5254376
1351,001351,0.5251863
1352,001352,0.51018476
1353,001353,0.528762
1354,001354,0.49664256
1355,001355,0.52060974
1356,001356,0.48033816
1357,001357,0.4603699
1358,001358,0.41932675
1359,001359,0.3990697
1360,001360,0.36072484
1361,001361,0.44497377
1362,001362,0.46661744
1363,001363,0.47281647
1364,001364,0.47265995
1365,001365,0.48126185
1366,001366,0.51091224
1367,001367,0.49453068
1368,001368,0.5007848
1369,001369,0.49875006
1370,001370,0.5008355
1371,001371,0.4655174
1372,001372,0.41787177
1373,001373,0.4363476
1374,001374,0.3960826
1375,001375,0.33633658
1376,001376,0.30308628
1377,001377,0.2611018
1378,001378,0.28773862
1379,001379,0.3280345
1380,001380,0.36971253
1381,001381,0.35960275
1382,001382,0.3442441
1383,001383,0.40858206
1384,001384,0.48602134
1385,001385,0.4691548
1386,001386,0.44917333
1387,001387,0.42226312
1388,001388,0.40857327
1389,001389,0.42758256
1390,001390,0.43535998
1391,001391,0.47575063
1392,001392,0.37896037
1393,001393,0.37683082
1394,001394,0.3110864
1395,001395,0.3119946
1396,001396,0.29112473
1397,001397,0.297057
1398,001398,0.318467
1399,001399,0.29624575
1400,001400,0.31956264
1401,001401,0.31557912
1402,001402,0.29147965
1403,001403,0.2771042
1404,001404,0.2736343
1405,001405,0.27258718
1406,001406,0.27179137
1407,001407,0.33700895
1408,001408,0.34359595
1409,001409,0.34781316
1410,001410,0.34321237
1411,001411,0.33552533
1412,001412,0.33053216
1413,001413,0.31932896
1414,001414,0.31948328
1415,001415,0.32507384
1416,001416,0.34178388
1417,001417,0.33910102
1418,001418,0.33158812
1419,001419,0.3351043
1420,001420,0.32243508
1421,001421,0.3045721
1422,001422,0.25968432
1423,001423,0.25033727
1424,001424,0.24259953
1425,001425,0.35095674
1426,001426,0.3898814
1427,001427,0.38769674
1428,001428,0.38980865
1429,001429,0.41288963
1430,001430,0.3953265
1431,001431,0.3866496
1432,001432,0.38052556
1433,001433,0.373868
1434,001434,0.3651779
1435,001435,0.361783
1436,001436,0.3642939
1437,001437,0.34014374
1438,001438,0.31697014
1439,001439,0.3599753
1440,001440,0.38123098
1441,001441,0.36771306
1442,001442,0.36256558
1443,001443,0.3549645
1444,001444,0.34552267
1445,001445,0.35578898
1446,001446,0.39409637
1447,001447,0.40954763
1448,001448,0.36626032
1449,001449,0.34863764
1450,001450,0.3494092
1451,001451,0.31113267
1452,001452,0.27010494
1453,001453,0.2603126
1454,001454,0.25729686
1455,001455,0.2896345
1456,001456,0.32915437
1457,001457,0.43384993
1458,001458,0.4494577
1459,001459,0.4102046
1460,001460,0.39210132
1461,001461,0.3741149
1462,001462,0.36456946
1463,001463,0.3649222
1464,001464,0.35568538
1465,001465,0.3331467
1466,001466,0.32378864
1467,001467,0.32839823
1468,001468,0.3503505
1469,001469,0.34898153
1470,001470,0.3472554
1471,001471,0.34583792
1472,001472,0.34791014
1473,001473,0.3510317
1474,001474,0.37930867
1475,001475,0.37989947
1476,001476,0.38494334
1477,001477,0.39302942
1478,001478,0.38341784
1479,001479,0.37034744
1480,001480,0.37527224
1481,001481,0.36509633
1482,001482,0.39308673
1483,001483,0.42120278
1484,001484,0.40807503
1485,001485,0.3980953
1486,001486,0.39280236
1487,001487,0.3998479
1488,001488,0.3883581
1489,001489,0.38377056
1490,001490,0.38657907
1491,001491,0.3883581
1492,001492,0.38793042
1493,001493,0.39166483
1494,001494,0.39057583
1495,001495,0.38407037
1496,001496,0.39069706
1497,001497,0.39413607
1498,001498,0.41030818
1499,001499,0.41278824
1500,001500,0.41200784
1501,001501,0.4211124
1502,001502,0.42408404
1503,001503,0.41278824
1504,001504,0.41698116
1505,001505,0.41467306
1506,001506,0.41872272
1507,001507,0.42346016
1508,001508,0.41571358
1509,001509,0.41250828
1510,001510,0.4109475
1511,001511,0.38892466
1512,001512,0.39768088
1513,001513,0.382805
1514,001514,0.37958422
1515,001515,0.37727833
1516,001516,0.3821216
1517,001517,0.38728672
1518,001518,0.38704643
1519,001519,0.37572858
1520,001520,0.36240464
1521,001521,0.36113486
1522,001522,0.35936686
1523,001523,0.35754818
1524,001524,0.37279
1525,001525,0.3839888
1526,001526,0.371313
1527,001527,0.36844715
1528,001528,0.3633504
1529,001529,0.34936732
1530,001530,0.33963892
1531,001531,0.3335876
1532,001532,0.33380362
1533,001533,0.31471497
1534,001534,0.31756315
1535,001535,0.3179313
1536,001536,0.30222213
1537,001537,0.28490368
1538,001538,0.27367622
1539,001539,0.25768927
1540,001540,0.24815926
1541,001541,0.25202373
1542,001542,0.25911775
1543,001543,0.27312288
1544,001544,0.27413914
1545,001545,0.2781381
1546,001546,0.2904105
1547,001547,0.31020677
1548,001548,0.31735152
1549,001549,0.32290244
1550,001550,0.32046646
1551,001551,0.33012652
1552,001552,0.33225167
1553,001553,0.32145628
1554,001554,0.313745
1555,001555,0.30168203
1556,001556,0.31423217
1557,001557,0.34013933
1558,001558,0.39304483
1559,001559,0.44914246
1560,001560,0.5166836
1561,001561,0.5467748
1562,001562,0.59597903
1563,001563,0.6229377
1564,001564,0.5926723
1565,001565,0.56334597
1566,001566,0.5279794
1567,001567,0.4301023
1568,001568,0.41162208
1569,001569,0.40744016
1570,001570,0.39511925
1571,001571,0.37850404
1572,001572,0.3739099
1573,001573,0.36418808
1574,001574,0.3544178
1575,001575,0.35153654
1576,001576,0.38326132
1577,001577,0.4297694
1578,001578,0.40277764
1579,001579,0.38636082
1580,001580,0.39752656
1581,001581,0.41717738
1582,001582,0.49383405
1583,001583,0.5474141
1584,001584,0.5823354
1585,001585,0.5891627
1586,001586,0.59601647
1587,001587,0.58382124
1588,001588,0.6050373
1589,001589,0.5234073
1590,001590,0.48832282
